[Reading 388 lines from start (total: 388 lines, 0 remaining)]

﻿"id","Region","Area","camp","mb_camp","camp_type","code","address","latitude","longitude","description","image_name","source_status","review_status","note"
"268","West",,"김포1","구래동MB","로켓",,"경기 김포시 구래동 6871-43",,,,"","DB만","",""
"109","West",,"김포1","본캠프","로켓","SG42","경기 김포시 양촌읍 대포산단로 73 4,5층","37.61314","126.6292","GMP_1","","DB만","",""
"176","West",,"김포1(SH)",,"SUB_HUB","GMP1_SH","경기 김포시 양촌읍 대포산단로 73","37.61314","126.6292","김포1(SH)","","DB만","",""
"79","West",,"인천2","본캠프","로켓","SG11","인천 남동구 논현고잔로 87","37.39058","126.7116","ICH_2","","DB만","",""
"362","West",,"일산1","가좌동MB","로켓",,"경기도 고양시 일산서구 송포로 323",,,,"","DB만","",""
"273","West",,"일산1","설문동MB","로켓",,"경기도 고양시 일산동구 고봉로678번길 41",,,,"","DB만","",""
"272","West",,"일산1","향양리MB","로켓",,"경기 파주시 파주읍 우계로 213",,,,"","DB만","",""
"269","West",,"일산2","당산동MB","로켓",,"서울특별시 영등포구 양산로17길 9",,,,"","DB만","",""
"270","West",,"일산2","양평동6가MB","로켓",,"서울 영등포구 양평로28길 19",,,,"","DB만","",""
"150","West",,"일산2(SH)",,"SUB_HUB","ISN2_SH","경기 김포시 고촌읍 아라육로 75","37.58965","126.79153","일산2, 일산4, 일신6, 일산8, 김포1","","DB만","",""
"271","West",,"일산8","양평동6가MB","로켓",,"서울특별시 영등포구 선유로45길 16",,,,"","DB만","",""
"138","West",,"일산8","합정동MB","로켓","MC34","서울 마포구 합정동 359-43","37.54574","126.9169","ISN8 (합정동)","","DB만","",""
"","West","강서","강서1","가양동MB","로켓","MC24","서울특별시 강서구 양천로 537","37.559418","126.85956","GSO1 (가양동B)","강서1(가양B)","이미지 신규","확정","이미지 표기 '강서1(가양B)' → 쿠팡 원본 '강서1(가양동B)' 매칭"
"","West","강서","강서1","가양동MB","로켓","MC141","서울특별시 강서구 양천로 537","37.55908","126.85989","GSO1 (가양동A)","강서1(가양A)","이미지 신규","확정","이미지 표기 '강서1(가양A)' → 쿠팡 원본 '강서1(가양동A)' 매칭"
"26","West","강서","강서1","본캠프","로켓","SG06","서울특별시 강서구 양천로 537","37.559357","126.85975","GSO_1","본캠프","DB+이미지","확정",""
"","West","강서","구로1","독산동MB","로켓","MC49","서울특별시 금천구 시흥대로 453","37.474194","126.89802","GRO1 (독산동B)","구로1(독산동B)","이미지 신규","확정",""
"","West","강서","구로1","독산동MB","로켓","","서울특별시 금천구 범안로9길 43","","","","구로1(독산동A)","이미지 신규","수정필요","쿠팡 원본에는 시흥1(독산동A)만 존재 - 캠프명 확인 필요 / 후보: 시흥1(독산동A)[MC110]"
"29","West","강서","구로1","본캠프","로켓","SG07","서울특별시 금천구 시흥대로 237? 32","37.440838","126.90157","GRO_1","본캠프","DB+이미지","수정필요","이미지 숫자 일부 판독 애매 - 확인 필요"
"66","West","강서","시흥1","본캠프","로켓","SG40","경기도 시흥시 매화산단로 16-15","37.41101","126.82621","SHG_1","본캠프","DB+이미지","확정",""
"","West","강서","시흥1","석수동MB","로켓","MC99","경기도 안양시 만안구 석수동 860-2","37.4195","126.89253","SHG1 (석수동)","시흥1(석수동)","이미지 신규","확정",""
"","West","강서","시흥1","신도림동MB","로켓","MC76","서울특별시 구로구 신도림로19길 50","37.51186","126.88176","SHG1 (신도림동)","시흥1(신도림)","이미지 신규","확정","이미지 표기 '시흥1(신도림)' → 쿠팡 원본 '시흥1(신도림동)' 매칭"
"","West","강서","시흥2","박달동MB","로켓","MCC5","경기도 안양시 만안구 박달로 337-54","37.40767","126.892715","SHG2 (박달동)","시흥2(박달동)","이미지 신규","확정",""
"67","West","강서","시흥2","본캠프","로켓","SG49","경기도 시흥시 매화산단로 16-15","37.41101","126.82621","SHG_2","본캠프","DB+이미지","확정",""
"68","West","강서","안산1","본캠프","로켓","SG23","경기도 시흥시 만해로 43, 8층","37.331783","126.74775","ASN_1","본캠프","DB+이미지","확정",""
"","West","강서","안산1","정왕동MB","로켓","MC83","경기도 시흥시 시화벤처로 400, 3층 A동 정왕B MB","37.312214","126.71825","ASN1 (정왕동B)","안산1(정왕동B)","이미지 신규","수정필요","주소 세부표기 확인 권장"
"69","West","강서","안산2","본캠프","로켓","SG59","인천광역시 남동구 논현고잔로 137","37.395725","126.71305","ASN_2","본캠프","DB+이미지","확정",""
"","West","강서","안산2","성곡동MB","로켓","MC118","경기도 안산시 단원구 해봉로 222","37.322227","126.76776","ASN2 (성곡동)","안산2(성곡동)","이미지 신규","확정",""
"","West","강서","안산2","정왕동MB","로켓","MC137","경기도 시흥시 군자천로131번길 92","37.3368","126.712","ASN2 (정왕동A)","안산2(정왕동A)","이미지 신규","확정",""
"21","West","고양","일산1","본캠프","로켓","SG12","경기도 파주시 능안로231번길 87 지하1층","37.73326","126.78444","ISN_1","본캠프","DB+이미지","확정",""
"","West","고양","일산1","설문동MB","로켓","MC128","경기도 고양시 일산동구 고봉로678번길 41","37.716457","126.79076","ISN1 (설문동)","일산1(설문동)","이미지 신규","확정",""
"","West","고양","일산1","향양리MB","로켓","MC129","경기도 파주시 파주읍 우계로 213, 3층","37.84443","126.81198","ISN1 (향양리)","일산1(향양리)","이미지 신규","확정",""
"","West","고양","일산3","덕은동MB","로켓","MC18","경기도 고양시 중앙로62번길 32","37.596336","126.87912","ISN3 (덕은동)","일산3(덕은동)","이미지 신규","확정",""
"88","West","고양","일산3","본캠프","로켓","SG05","경기도 고양시 덕양구 권율대로 570, 고양 로지스디스크 A동 1층 전체","37.640285","126.87363","ISN_3","본캠프","DB+이미지","확정",""
"","West","고양","일산3","양평동6가MB","로켓","MC77","서울특별시 영등포구 양평로28가길 6","37.540894","126.89026","ISN3 (양평동6가B)","일산3(양평동6가B)","이미지 신규","확정",""
"89","West","고양","일산5","본캠프","로켓","SG39","경기도 고양시 덕양구 삼원로3길 10 3층","37.668488","126.921715","ISN_5","본캠프","DB+이미지","확정",""
"","West","고양","일산5","오금동MB","로켓","MC140","경기도 고양시 덕양구 삼원로3길 10 7층","37.668488","126.921715","ISN5 (오금동)","일산5(오금동)","이미지 신규","수정필요","주소 세부표기 이미지 재확인 권장"
"22","West","고양","일산7","본캠프","로켓","SG52","경기도 파주시 조리읍 명봉산로 68-5, 4층","37.72739","126.81029","ISN_7","본캠프","DB+이미지","수정필요","주소 도로명 이미지 재확인 권장"
"","West","고양","일산7","식사동MB","로켓","MC63","경기도 고양시 일산동구 고양대로1080번길 24","37.66828","126.8091","ISN7 (식사동A)","일산7(식사동A)","이미지 신규","확정",""
"","West","고양","일산7","식사동MB","로켓","MC75","경기도 고양시 견달산로225번길 67","37.687794","126.8172","ISN7 (식사동B)","일산7(식사동B)","이미지 신규","확정",""
"","West","김포","김포1","구래동MB","로켓","MC184","경기도 김포시 김포한강10로133번길 17 6층","37.64314","126.61927","GMP1 (구래동)","본캠프(구래동)","이미지 신규","확정",""
"16","West","김포","김포1","식사동MB","로켓","MC68","경기도 고양시 일산동구 고양대로1080번길 24","37.66837","126.808975","GMP1 (식사동C)","김포1(식사동)","DB+이미지","확정","이미지 표기 '김포1(식사동)' → 쿠팡 원본 '김포1(식사동C)' 매칭"
"","West","김포","일산2","당산동MB","로켓","MC89","서울특별시 영등포구 양산로17길 9","37.525738","126.893425","ISN2 (당산동)","일산2(당산동)","이미지 신규","확정",""
"1","West","김포","일산2","본캠프","로켓","SG02","경기도 김포시 고촌읍 아라육로 75 4F Gate A","37.589813","126.79218","ISN_2","본캠프","DB+이미지","수정필요","이미지의 센터/건물 세부표기 생략"
"","West","김포","일산2","양평동4가MB","로켓","MC152","서울특별시 영등포구 선유로43길 26","37.53441","126.892944","ISN2 (양평동4가B)","일산2(양평동4가B)","이미지 신규","확정",""
"","West","김포","일산2","양평동6가MB","로켓","MC31","서울특별시 영등포구 양평로28길 19","37.54163","126.8909","ISN2 (양평동6가A)","일산2(양평동6가A)","이미지 신규","확정",""
"19","West","김포","일산4","본캠프","로켓","SG30","경기도 김포시 고촌읍 아라육로58번길 147","37.592663","126.78744","ISN_4","본캠프","DB+이미지","수정필요","이미지의 물류센터/게이트 세부표기 생략"
"90","West","김포","일산6","본캠프","로켓","SG48","경기도 김포시 고촌읍 아라육로 75 4F Gate A","37.589813","126.79218","ISN_6","본캠프","DB+이미지","수정필요","이미지의 센터/건물 세부표기 생략"
"","West","김포","일산6","전호리MB","로켓","MC105","경기도 김포시 고촌읍 전호리 653 케이로지스 지하 1층","37.589863","126.79537","ISN6 (전호리B1F)","일산6(전호리)","이미지 신규","확정","이미지 표기 '일산6(전호리)' → 쿠팡 원본 '일산6(전호리B1F)' 매칭"
"91","West","김포","일산8","본캠프","로켓","SG55","경기도 김포시 고촌읍 아라육로230번길 16 1층","37.598026","126.78121","ISN_8","본캠프","DB+이미지","확정",""
"6","West","김포","일산8","양평동4가MB","로켓","MC32","서울특별시 영등포구 선유로45길 16","37.53494","126.89462","ISN8 (양평동4가A)","일산8(양평동4가A)","DB+이미지","확정",""
"78","West","동인천","인천1","본캠프","로켓","SG08","인천광역시 서구 드림로 700 5층","37.57867","126.71296","ICH_1","본캠프","DB+이미지","확정",""
"","West","동인천","인천1","서운동MB","로켓","MC43","인천광역시 계양구 아나지로 480","37.524628","126.74571","ICH1 (서운동)","인천1(서운동)","이미지 신규","확정",""
"83","West","동인천","인천4","본캠프","로켓","SG28A","경기도 부천시 신흥로511번길 80, 4층 A-410 ~ 417","37.530205","126.775536","ICH_4","본캠프","DB+이미지","확정",""
"","West","동인천","인천4","청천동MB","로켓","MC22","인천광역시 부평구 안남로369번길 18 1층","37.516235","126.70866","ICH4 (청천동)","인천4(청천동)","이미지 신규","확정",""
"","West","동인천","인천7","마곡동MB","로켓","MC153","서울특별시 강서구 양천로47길 54","37.572796","126.837616","ICH7 (마곡동)","인천7(마곡동)","이미지 신규","확정",""
"86","West","동인천","인천7","본캠프","로켓","SG54","경기도 부천시 신흥로511번길 80, 4층 A-420 ~ 427","37.530205","126.775536","ICH_7","본캠프","DB+이미지","확정",""
"87","West","동인천","인천8","본캠프","로켓","SG57","경기도 부천시 신흥로511번길 80, 4층 B-428 Gate","37.529568","126.77634","ICH_8","본캠프","DB+이미지","확정",""
"","West","서인천","인천2","남동MB","로켓","MC161","인천광역시 남동구 논현고잔로 87 남동공단 스마트물류센터 3층","37.39058","126.71161","ICH2 (남동)","본캠프(남동)","이미지 신규","수정필요","주소 세부표기 이미지 재확인 권장"
"","West","서인천","인천2","신흥동MB","로켓","MC169","인천광역시 중구 서해대로 210번길 6, 7동","37.445374","126.62408","ICH2 (신흥동)","인천2(신흥동)","이미지 신규","확정",""
"","West","서인천","인천2","운연동MB","로켓","MC126","인천광역시 남동구 운연동 259-10","37.43594","126.76491","ICH2 (운연동)","인천2(운연동)","이미지 신규","확정",""
"80","West","서인천","인천3","본캠프","로켓","SG25","인천광역시 서구 북항단지로101번길 10 남청라스마트로지스틱스 6층","37.50321","126.61748","ICH_3","본캠프","DB+이미지","확정",""
"84","West","서인천","인천5","본캠프","로켓","SG36","인천광역시 서구 중봉대로393번길 19","37.51366","126.64647","ICH_5","본캠프","DB+이미지","확정",""
"","West","서인천","인천5","운북동MB","로켓","","인천광역시 중구 영종대로900번길 20 아레나스 5층 A16-A20","","","","인천5(운북동)","이미지 신규","수정필요","쿠팡 원본에는 인천3(운북동)만 존재 - 캠프명 확인 필요 / 후보: 인천3(운북동)[MC27]"
"","West","서인천","인천6","도화동MB","로켓","MC59","인천광역시 미추홀구 염전로144번길 25 2층","37.47791","126.65829","ICH6 (도화동)","인천6(도화동)","이미지 신규","확정",""
"85","West","서인천","인천6","본캠프","로켓","SG51","인천광역시 미추홀구 염전로144번길 25 1층","37.47805","126.6586","ICH_6","본캠프","DB+이미지","확정",""
"65","East",,"M강릉1","M강릉1","M캠프","MO48","강원특별자치도 강릉시 구정면 범일로 56","37.71163","128.9102","M_강릉1","","DB만","",""
"103","East",,"M광주1","M광주1","M캠프","MO47","경기 광주시 오포로297번길 12 오포물류단지 C동","37.34697","127.1952","M_광주1","","DB만","",""
"104","East",,"M광주2","M광주2","M캠프","MO154","경기 광주시 포은대로 640-14","37.383","127.2448","M_광주2","","DB만","",""
"105","East",,"M남양주1","M남양주1","M캠프","MO30","경기 남양주시 화도읍 마치로 306","37.6537","127.2797","M_남양주1","","DB만","",""
"110","East",,"M북여주1","M북여주1","M캠프","MO57","경기 이천시 백사면 이여로88번길 60","37.30796","127.4653","M_북여주1","","DB만","",""
"112","East",,"M삼척1","M삼척1","M캠프","MO53","강원특별자치도 삼척시 등봉동 321-4","37.44252","129.1314","M_삼척1","","DB만","",""
"115","East",,"M안성1","M안성1","M캠프","MO49","경기 안성시 미양면 미양로 156 4층","36.96373","127.196","M_안성1","","DB만","",""
"10","East",,"M용인1","M용인1","M캠프","MO40","경기 이천시 마장면 덕평로 626","37.21932","127.3786","M_용인1","","DB만","",""
"15","East",,"M원주1","M원주1","M캠프","MO28","강원도 원주시 호저면 주산리 298 1층","37.39787","127.9303","M_원주1","","DB만","",""
"121","East",,"M춘천1","M춘천1","M캠프","MO46","강원특별자치도 춘천시 신동면 김유정로 1560","37.82716","127.7264","M_춘천1","","DB만","",""
"123","East",,"M평택1","M평택1","M캠프","MO39","경기 평택시 청북읍 서해로 1491-21","37.02668","126.9399","M_평택1","","DB만","",""
"30","East",,"구리2","본캠프","로켓","SG21","서울 성동구 아차산로 143","37.54384","127.0599","GUR_2","","DB만","",""
"128","East",,"남양주3","이패동MB","로켓","MC150","경기도 남양주시 다산지금로145번안길 22","37.60074","127.1791","NYJ3 (이패동A)","","DB만","",""
"60","East",,"송파1","본캠프","로켓","SG22","서울 송파구 장지동 710","37.47513","127.1212","SPA_1","","DB만","",""
"8","East",,"수원1","원천동MB","로켓","MC107","경기 수원시 영통구 중부대로 480",,,,"","DB만","",""
"","East","강남","구리2","F_장안1","로켓","SG63","서울특별시 동대문구 전농대로 399","37.561916","127.06355","F_JAN1","F.장안1","이미지 신규","수정필요","주소 숫자 이미지 재확인 권장"
"","East","강남","구리2","성수동MB","로켓","MC139","서울특별시 성동구 광나루로6길 54","37.547565","127.058136","GUR2 (성수동B)","구리2(성수동B)","이미지 신규","확정",""
"","East","강남","구리2","성수동MB","로켓","MC73","서울특별시 성동구 성수이로27길 19-15","37.54185","127.063156","GUR2 (성수동C)","구리2(성수동C)","이미지 신규","확정",""
"","East","강남","구리2","성수동MB","로켓","MC113","서울특별시 성동구 아차산로5길 23","37.54817","127.05283","GUR2 (성수동E)","구리2(성수동E)","이미지 신규","확정",""
"","East","강남","구리2","성수동MB","로켓","MC46","서울특별시 성동구 성수이로 149","37.548386","127.05778","GUR2 (성수동A)","구리2(성수동A)","이미지 신규","확정",""
"","East","강남","송파1","감일동MB","로켓","MC116","경기도 하남시 감이남로 280-2","37.50639","127.142","SPA1 (감일동C)","송파1(감일동C)","이미지 신규","확정",""
"","East","강남","송파1","장지동C동MB","로켓","MC54","서울특별시 송파구 송파대로 55 동남권물류단지 C동 지상3층","37.474213","127.12372","SPA1 (장지동C동3F)","송파1(장지동C동3F)","이미지 신규","확정",""
"","East","강남","송파1","장지동E동MB","로켓","MC181","서울특별시 송파구 송파대로 55 동남권물류단지 B동 지하1층","37.474163","127.12388","SPA1 (장지동E동)","송파1(장지동E동)","이미지 신규","확정",""
"61","East","강남","송파3","본캠프","로켓","SG37","서울특별시 송파구 송파대로 55 동남권물류단지 C동 지상4층","37.474","127.12229","SPA_3","본캠프","DB+이미지","확정",""
"62","East","강남","송파4","본캠프","로켓","SG43","서울특별시 송파구 송파대로 55 동남권물류단지 C동 지상4층","37.474167","127.12389","SPA_4","본캠프","DB+이미지","확정",""
"","East","강남","송파4","초이동MB","로켓","MC20","경기도 하남시 감초로200번길 75 1층","37.530533","127.168144","SPA4 (초이동1F)","송파4(초이동1F)","이미지 신규","확정",""
"","East","강남","송파5","감일동MB","로켓","","경기도 하남시 감북로 62","","","","송파5(감일동A,B)","이미지 신규","수정필요","쿠팡 원본 감일동A/B 2개 존재 - 코드 선택 필요 / 후보: 송파5(감일동A)[MC86], 송파5(감일동B)[MC188]"
"63","East","강남","송파5","본캠프","로켓","SG47","서울특별시 송파구 송파대로 55 동남권물류단지 C동 지상5층","37.47449","127.12443","SPA_5","본캠프","DB+이미지","확정",""
"","East","강남","송파5","장지동B동MB","로켓","MC88","서울특별시 송파구 송파대로 55 동남권물류단지 B동 지상5층","37.474167","127.12389","SPA5 (장지동B동)","송파5(장지동B동)","이미지 신규","확정",""
"20","East","강남","송파5","초이동MB","로켓","MC104","경기도 하남시 감초로200번길 75 지하1층","37.530533","127.168144","SPA5 (초이동B1F)","송파5(초이동B1F)","DB+이미지","확정",""
"","East","강북","구리3","배양리MB","로켓","MC67","경기도 남양주시 진건읍 진관로 232","37.631836","127.16577","GUR3 (배양리)","구리3(배양리)","이미지 신규","확정",""
"31","East","강북","구리3","본캠프","로켓","SG44","경기도 구리시 동구릉로200번길 13","37.6175","127.1387","GUR_3","본캠프","DB+이미지","확정",""
"38","East","강북","남양주3","본캠프","로켓","SG46","경기도 남양주시 화도읍 재재기로149번길 57","37.61615","127.30649","NYJ_3","본캠프","DB+이미지","확정",""
"","East","강북","남양주3","이패동MB","로켓","","경기도 남양주시 다산지금로145번안길 18-9","","","","남양주3(이패동)","이미지 신규","수정필요","쿠팡 원본 이패동A/B 2개 존재 - 코드 선택 필요 / 후보: 남양주3(이패동A)[MC150], 남양주3(이패동B)[MC47]"
"","East","강북","남양주4","교문동MB","로켓","MC189","경기도 구리시 교문동 400","37.592663","127.130875","NYJ4 (교문동A)","남양주4(교문동A)","이미지 신규","확정",""
"129","East","강북","남양주4","교문동MB","로켓","MC163","경기도 구리시 교문동 263","37.601","127.12649","NYJ4 (교문동B)","남양주4(교문동B)","DB+이미지","확정",""
"","East","강북","남양주4","다산동MB","로켓","MC130","경기도 남양주시 다산동 3219-3","37.61506","127.17009","NYJ4 (다산동)","남양주4(다산동)","이미지 신규","확정",""
"39","East","강북","남양주4","본캠프","로켓","SG50","경기도 남양주시 화도읍 재재기로149번길 57","37.61615","127.30649","NYJ_4","본캠프","DB+이미지","확정",""
"127","East","강북","남양주4","토평동MB","로켓","MC53","경기도 구리시 토평동 455","37.58052","127.15268","NYJ4 (토평동)","남양주4(토평동)","DB+이미지","확정",""
"","East","강북","서초1","F_논현1","로켓","SG61","서울특별시 강남구 논현동 69","37.515327","127.033035","F_NHN1","F.논현1","이미지 신규","확정",""
"59","East","강북","서초1","본캠프","로켓","SG26","서울특별시 서초구 양재대로12길 18","37.459824","127.0363","SCH_1","본캠프","DB+이미지","확정",""
"","East","강북","서초1","양재동MB","로켓","MC149","서울특별시 서초구 양재대로12길 25","37.460213","127.03861","SCH1 (양재동B)","서초1(양재동B)","이미지 신규","확정",""
"","East","강북","서초1","양재동MB","로켓","MC133","서울특별시 서초구 양재대로 173","37.46288","127.03746","SCH1 (양재동A)","서초1(양재동A)","이미지 신규","확정",""
"","East","강북","서초1","양재동MB","로켓","MC123","서울특별시 서초구 양재대로12길 25","37.460194","127.038666","SCH1 (양재동D)","서초1(양재동D)","이미지 신규","확정",""
"17","East","강북","성동1","본캠프","로켓","SG13","서울특별시 성동구 뚝섬로1길 38","37.54477","127.04732","SDG_1","본캠프","DB+이미지","확정",""
"","East","강북","성동1","성수동MB","로켓","MC122","서울특별시 성동구 아차산로 143","37.543835","127.05993","SDG1 (성수동G)","성동1(성수동G)","이미지 신규","확정",""
"","East","강북","중구1","본캠프","로켓","SG41","서울시 성동구 아차산로13길 30","37.545483","127.06192","JNG_1","본캠프","이미지 신규","확정",""
"","East","강북","중구1","성수동MB","로켓","MC148","서울특별시 성동구 광나루로6길 54","37.54571","127.06488","JNG1 (성수동D)","중구1(성수동D)","이미지 신규","확정",""
"","East","강북","중구1","성수동MB","로켓","MC142","서울특별시 성동구 아차산로13길 48","37.547024","127.06266","JNG1 (성수동F)","중구1(성수동F)","이미지 신규","확정",""
"","East","강북","중구1","양재동MB","로켓","","서울특별시 서초구 양재대로12길 25","","","","중구1(양재동C)","이미지 신규","수정필요","쿠팡 원본에서 동일 명칭 확인 불가 / 쿠팡 원본에서 자동 매칭되지 않음"
"","East","남경기","동탄1","마북동MB","로켓","MC112","경기도 용인시 기흥구 중부대로 2439","37.303677","127.10476","DTN1 (마북동)","동탄1(마북동)","이미지 신규","확정",""
"12","East","남경기","동탄1","본캠프","로켓","SG34","경기도 화성시 동탄물류로 48 B블럭 2층 쿠팡 동탄1센터 15번도크","37.170147","127.134","DTN_1","본캠프","DB+이미지","확정",""
"","East","남경기","동탄1","신동MB","로켓","MC25","경기도 화성시 동탄물류로 48 B블럭 2층","37.170498","127.13145","DTN1 (신동)","동탄1(신동)","이미지 신규","확정",""
"25","East","남경기","송파2","본캠프","로켓","SG16","경기도 성남시 분당구 탄천로 257, 1층","37.414852","127.11883","SPA_2","본캠프","DB+이미지","확정",""
"","East","남경기","송파2","풍산동MB","로켓","","경기도 하남시 풍산동 598-3","","","","송파2(풍산동)","이미지 신규","수정필요","쿠팡 원본에서 동일 명칭 확인 불가 / 쿠팡 원본에서 자동 매칭되지 않음"
"18","East","남경기","송파2","하산곡동MB","로켓","MC103","경기도 하남시 하산곡동 56-2","37.527233","127.223495","SPA2 (하산곡동)","송파2(하산곡동)","DB+이미지","확정",""
"74","East","남경기","용인1","본캠프","로켓","SG04","경기도 용인시 수지구 문인로 30-1","37.33464","127.0989","YIN_1","본캠프","DB+이미지","확정",""
"","East","남경기","용인2","반월동MB","로켓","MC92","경기 화성시 삼성1로 340","37.231426","127.06718","YIN2 (반월동)","용인2(반월동)","이미지 신규","확정",""
"","East","남경기","용인2","방교동MB","로켓","MC58","경기 화성시 방교동 843-1","37.164318","127.085686","YIN2 (방교동)","용인2(방교동)","이미지 신규","확정",""
"75","East","남경기","용인2","본캠프","로켓","SG53","경기도 화성시 태안로 341-7","37.216602","127.02106","YIN_2","본캠프","DB+이미지","확정",""
"","East","남경기","용인2","영천동MB","로켓","MC66","경기 화성시 영천동 843-1","37.211887","127.10648","YIN2 (영천동)","용인2(영천동)","이미지 신규","확정",""
"2","East","남경기","용인3","동천동MB","로켓","MC82","경기도 용인시 수지구 손곡로 38","37.336636","127.09866","YIN3 (동천동B)","용인3(동천동B)","DB+이미지","확정",""
"","East","남경기","용인3","문형동MB","로켓","MC200","경기도 광주시 오포로297번길 12 C동 2층","37.346973","127.19524","YIN3 (문형동)","용인3(문형동)","이미지 신규","확정",""
"3","East","남경기","용인3","본캠프","로켓","SG56","경기도 용인시 수지구 손곡로 31","37.335293","127.099174","YIN_3","본캠프","DB+이미지","확정",""
"","East","북경기","구리1","내곡리MB","로켓","MC147","경기도 남양주시 별내면 내곡리 948","37.684834","127.160446","GUR1 (내곡리)","구리1(내곡리)","이미지 신규","수정필요","지번 숫자 이미지 재확인 권장"
"24","East","북경기","구리1","본캠프","로켓","SG01","경기도 구리시 동구릉로 266","37.622322","127.14145","GUR_1","본캠프","DB+이미지","확정",""
"","East","북경기","남양주1","별내동MB","로켓","MC26","경기도 남양주시 순화궁로 272","37.666412","127.1339","NYJ1 (별내동)","남양주1(별내동)","이미지 신규","수정필요","주소 숫자 이미지 재확인 권장"
"36","East","북경기","남양주1","본캠프","로켓","SG35","경기도 남양주시 별내면 청학로 83","37.71231","127.17377","NYJ_1","본캠프","DB+이미지","확정",""
"","East","북경기","남양주2","내각리MB","로켓","MC191","경기도 남양주시 진접읍 금강로1281번길 24-1, B1층","37.711918","127.173805","NYJ2 (내각리B1F)","남양주2(내각리)","이미지 신규","확정","이미지 표기 '남양주2(내각리)' → 쿠팡 원본 '남양주2(내각리B1F)' 매칭"
"37","East","북경기","남양주2","본캠프","로켓","SG38","경기도 남양주시 진접읍 금강로1281번길 24-1, B3층","37.71232","127.17377","NYJ_2","본캠프","DB+이미지","확정",""
"71","East","북경기","양주1","본캠프","로켓","SG32","경기도 포천시 소흘읍 호국로 78","37.782295","127.12115","YAJ_1","본캠프","DB+이미지","확정",""
"72","East","북경기","양주2","본캠프","로켓","SG58","경기도 양주시 칠봉산로 206","37.852654","127.07805","YAJ_2","본캠프","DB+이미지","확정",""
"","East","북경기","양주2","선암리MB","로켓","MCA1","경기도 양주시 선암리 128 2F","37.85507","127.02946","YAJ2 (선암리)","양주2(선암리)","이미지 신규","확정",""
"73","East","북경기","양주3","본캠프","로켓","SG60","경기도 의정부시 호원로 213","37.79456","127.07393","YAJ_3","본캠프","DB+이미지","확정",""
"","East","북경기","양주3","부곡리MB","로켓","MC85","경기도 양주시 장흥면 부곡리 600","37.720234","126.981674","YAJ3 (부곡리)","양주3(부곡리)","이미지 신규","수정필요","주소 지번 이미지 재확인 권장"
"33","East","서경기","군포1","본캠프","로켓","SG33","경기도 의왕시 오봉산단3로 60, 5층 A동","37.3309","126.955315","GNP_1","본캠프","DB+이미지","확정",""
"","East","서경기","군포1","사사동MB","로켓","MC96","경기도 안산시 상록구 장하로 2 (사사동 119-18) 사사동물류센터 1층","37.29591","126.93115","GNP1 (사사동1F)","군포1(사사동1F)","이미지 신규","수정필요","층 표기 이미지 재확인 권장"
"","East","서경기","군포1","사사동MB","로켓","MC56","경기도 안산시 상록구 장하로 2 (사사동 119-18) 사사동물류센터 지하2층","37.298523","126.92704","GNP1 (사사동B2F)","군포1(사사동B2F)","이미지 신규","확정",""
"","East","서경기","군포1","삼동MB","로켓","MC136","경기도 의왕시 오봉산단3로 60, 5층 B동","37.3309","126.955315","GNP1 (삼동B)","군포1(삼동B)","이미지 신규","확정",""
"7","East","서경기","동탄2","본캠프","로켓","SG45","경기도 평택시 서탄면 발안로 1198-5 1층 2층","37.134922","127.036026","DTN_2","본캠프","DB+이미지","확정",""
"64","East","서경기","수원1","본캠프","로켓","SG15","경기도 수원시 영통구 중부대로 480 (원천동B)","37.182922","126.98922","SWN_1","본캠프","DB+이미지","확정",""
"","East","서경기","수원1","원천동MB","로켓","MC177","경기도 수원시 영통구 중부대로 480 (원천동A)","37.26793","127.0669","SWN1 (원천동A)","수원1(원천동A)","이미지 신규","확정","이미지 표기 '수원1(원천동A)' → 쿠팡 원본 '수원1(원천동)' 매칭"
"","East","서경기","안양1","관양동MB","로켓","MC167","경기도 안양시 동안구 흥안대로439번길 30, 2층","37.39388","126.97279","AYG1 (관양동2F)","안양1(관양동2F)","이미지 신규","확정",""
"","East","서경기","안양1","관양동MB","로켓","MC175","경기도 안양시 동안구 흥안대로439번길 30, 7층","37.3942","126.97259","AYG1 (관양동7F)","안양1(관양동7F)","이미지 신규","확정",""
"","East","서경기","안양1","관양동MB","로켓","MC146","경기도 안양시 동안구 흥안대로439번길 30, B2층","37.3942","126.97259","AYG1 (관양동B2F)","안양1(관양동B2F)","이미지 신규","확정",""
"","East","서경기","안양1","관양동MB","로켓","MC81","경기도 안양시 동안구 흥안대로439번길 30, B1층","37.3942","126.97259","AYG1 (관양동B1F)","안양1(관양동B1F)","이미지 신규","확정",""
"70","East","서경기","안양1","본캠프","로켓","SG14","경기도 안양시 동안구 흥안대로439번길 30, 4층","37.3942","126.97259","AYG_1","본캠프","DB+이미지","확정",""
"","East","서경기","화성1","괘랑리MB","로켓","MC90","경기도 화성시 정남면 만년로 697-18 지하2층 (괘랑리 696-1)","37.182926","126.98923","HWS1 (괘랑리)","화성1(괘랑리)","이미지 신규","확정",""
"101","East","서경기","화성1","본캠프","로켓","SG27","경기도 화성시 정남면 만년로 697-18 2층 (괘랑리 696-1)","37.182667","126.989716","HWS_1","본캠프","DB+이미지","확정",""
"102","South",,"M거제1","M거제1","M캠프","MO33","경상남도 거제시 연초면 오비4길 40","34.9192","128.6164","M_거제1","","DB만","",""
"106","South",,"M당진1","M당진1","M캠프","MO37","충남 당진시 송악읍 신평로 1331 1층","36.92041","126.7477","M_당진1","","DB만","",""
"107","South",,"M목포1","M목포1","M캠프","MO51","전라남도 목포시 대양산단로149번길 41","34.836","126.3999","M_목포1","","DB만","",""
"108","South",,"M무안1","M무안1","M캠프","MO43","전라남도 무안군 삼향읍 영산로 1322-8","34.87718","126.4267","M_무안1","","DB만","",""
"111","South",,"M사천1","M사천1","M캠프","MO52","경남 진주시 정촌면 뿌리산단로50번길 112","35.11068","128.111","M_사천1","","DB만","",""
"14","South",,"M서산1","M서산1","M캠프","MO29","충남 서산시 음암면 탑곡고양동1길 5","36.79729","126.5439","M_서산1","","DB만","",""
"23","South",,"M순천1","M순천1","M캠프","MO32","전남 순천시 해룡면 상성길 127","34.93105","127.5415","M_순천1","","DB만","",""
"113","South",,"M아산1","M아산1","M캠프","MO38","충남 천안시 동남구 풍세면 미죽로 438","36.7435","127.1621","M_아산1","","DB만","",""
"114","South",,"M안동1","M안동1","M캠프","MO35","경북 안동시 풍산읍 유곡길 141","36.59063","128.6139","M_안동1","","DB만","",""
"116","South",,"M양산1","M양산1","M캠프","MO34","경남 양산시 산막공단북2길 34-54","35.37062","129.055","M_양산1","","DB만","",""
"13","South",,"M여수1","M여수1","M캠프","MO36","전라남도 여수시 소라면 무선로 350-2","34.78634","127.6395","M_여수1","","DB만","",""
"9","South",,"M여수3","M여수3","M캠프","MO140","전남 여수시 소라면 덕양로 420","34.79548","127.6333","M_여수3","","DB만","",""
"117","South",,"M영주1","M영주1","M캠프","MO134","경상북도 영주시 안정면 장안로 709-8","36.83181","128.5631","M_영주1","","DB만","",""
"5","South",,"M익산1","M익산1","M캠프","MO45","전라북도 익산시 함라면 함안로 342","36.05151","126.9036","M_익산1","","DB만","",""
"118","South",,"M제천1","M제천1","M캠프","MO42","충북 제천시 봉양읍 용두대로 809","37.15063","128.1333","M_제천1","","DB만","",""
"119","South",,"M진주1","M진주1","M캠프","MO44","경상남도 진주시 정촌면 화개천로 12","35.1194","128.0994","M_진주1","","DB만","",""
"120","South",,"M진천1","M진천1","M캠프","MO41","충북 진천군 초평면 은진로 396","36.78093","127.5105","M_진천1","","DB만","",""
"11","South",,"M충주1","M충주1","M캠프","MO50","충북 충주시 중앙탑면 북부로 2175","37.07095","127.86","M_충주1","","DB만","",""
"122","South",,"M통영1","M통영1","M캠프","MO54","경남 통영시 도산면 법송로 84","34.8973","128.3714","M_통영1","","DB만","",""
"124","South",,"M평택2","M평택2","M캠프","MO135","경기 평택시 추담로 56-18","37.05758","127.0751","M_평택2","","DB만","",""
"125","South",,"M포항1","M포항1","M캠프","MO31","경북 포항시 남구 동해안로 5816","35.99141","129.4268","M_포항1","","DB만","",""
"278","South",,"대구1","화원MB","로켓",,"대구광역시 달성군 화원읍 사문진로 370",,,,"","DB만","",""
"46","South",,"대전3","본캠프","로켓","CL24","충북 청주시 서원구 현도면 시목외천로 441-12","36.52598","127.4098","DJN_3","","DB만","",""
"181","South",,"서부산1(SH)",,"SUB_HUB","WBS1_SH",,"35.069176","129.00795","서부산1(SH)","","DB만","",""
"92","South",,"전주1","본캠프","로켓","CL16","전북특별자치도 전주시 덕진구 비석날로 25","35.85464","127.0777","JJU_1","","DB만","",""
"173","South",,"전주1(SH)",,"SUB_HUB","JJU1_SH","전북특별자치도 완주군 봉동읍 완주산단2로 282-22","35.960682","127.131096","전주1","","DB만","",""
"93","South",,"제주0","본캠프","로켓","CL28","제주특별자치도 제주시 한북로 112","33.46299","126.5277","JEJ_0","","DB만","",""
"97","South",,"제주5","본캠프","로켓","CL29","용궁",,,"JEJ_5 / 좌표 및 주소 검색 불가","","DB만","",""
"100","South",,"청주1","본캠프","로켓","CL09","충북 청주시 흥덕구 강내면 청주역로 231","36.63591","127.3854","CHJ_1","","DB만","",""
"","South","광주","광주1","동림동MB","로켓","MC65","광주광역시 북구 하남대로 599","35.17324","126.85863","GWJ1 (동림동)","광주1(동림동)","이미지 신규","확정",""
"27","South","광주","광주1","본캠프","로켓","CL04","전라남도 장성군 남면 나노산단3로 11","35.23774","126.82875","GWJ_1","본캠프","DB+이미지","확정",""
"","South","광주","광주1","장록동MB","로켓","MC61","광주광역시 광산구 평동산단2번로 189","35.13196","126.77189","GWJ1 (장록동)","광주1(장록동)","이미지 신규","확정",""
"28","South","광주","광주2","본캠프","로켓","CL14","광주광역시 서구 매월1로63번길 16","35.112392","126.86046","GWJ_2","본캠프","DB+이미지","확정",""
"","South","광주","광주2","임동MB","로켓","MC80","광주광역시 북구 서림로 63","35.165195","126.89562","GWJ2 (임동)","광주2(임동)","이미지 신규","확정",""
"","South","광주","전주1","둔산리MB","로켓","MC29","전라북도 완주군 봉동읍 완주산단2로 282-23","35.960274","127.13104","JJU1 (둔산리)","전주1(둔산리)","이미지 신규","확정",""
"","South","광주","전주1","여의동MB","로켓","MCB2","전라북도 전주시 덕진구 비석날로 25","35.854637","127.077736","JJU1 (여의동A)","전주1(여의동A)","이미지 신규","확정",""
"","South","광주","전주1","여의동MB","로켓","MC14","전라북도 전주시 덕진구 여산로 106","35.86253","127.07772","JJU1 (여의동B)","전주1(여의동B)","이미지 신규","수정필요","주소 도로명 이미지 재확인 권장"
"","South","광주","전주1","호성MB","로켓","MC157","전라북도 전주시 덕진구 완주로35","35.87005","127.14717","JJU1 (호성동)","전주1(호성)","이미지 신규","수정필요","주소 도로명/번호 이미지 재확인 권장 / 이미지 표기 '전주1(호성)' → 쿠팡 원본 '전주1(호성동)' 매칭"
"94","South","광주","제주1","본캠프","로켓","CL23","제주특별자치도 제주시 한북로 112","33.463024","126.5276","JEJ_1","본캠프","DB+이미지","확정",""
"","South","광주","제주1","장전리MB","로켓","MC121","제주특별자치도 제주시 애월읍 신상로 195 지하1층","33.454205","126.36691","JEJ1 (애월읍)","제주1(장전리)","이미지 신규","수정필요","쿠팡 원본 명칭은 제주1(애월읍) - 이미지 장전리 표기 확인 필요 / 이미지 표기 '제주1(장전리)' → 쿠팡 원본 '제주1(애월읍)' 매칭"
"95","South","광주","제주2","본캠프","로켓","CL26","제주특별자치도 서귀포시 서홍로178번길 17","33.262547","126.55286","JEJ_2","본캠프","DB+이미지","확정",""
"","South","광주","제주2","사계리MB","로켓","MC138","제주특별자치도 서귀포시 안덕면 창고로 207","33.23475","126.29145","JEJ2 (사계리)","제주2(사계리)","이미지 신규","확정",""
"96","South","광주","제주3","본캠프","로켓","CL27","제주특별자치도 제주시 조천읍 와흘로 244","33.48353","126.639694","JEJ_3","본캠프","DB+이미지","확정",""
"","South","광주","제주3","성읍리MB","로켓","MC109","제주특별자치도 서귀포시 표선면 번영로 2517","33.407536","126.77726","JEJ3 (성읍리)","제주3(성읍리)","이미지 신규","확정",""
"","South","대구","구미1","광평동MB","로켓","MC84","경상북도 구미시 화신로42길 20","36.10985","128.3597","GUM1 (광평동)","구미1(광평동)","이미지 신규","확정",""
"32","South","대구","구미1","본캠프","로켓","CL07","경상북도 구미시 오태1길 48","36.077568","128.35484","GUM_1","본캠프","DB+이미지","확정",""
"","South","대구","구미1","초곡리MB","로켓","MC168","경상북도 김천시 남면 어모대로 438","36.1426","128.18593","GUM1 (초곡리)","구미1(초곡리)","이미지 신규","수정필요","주소 도로명 이미지 재확인 권장"
"40","South","대구","대구1","본캠프","로켓","CL01B","대구광역시 달서구 성서로35길 11","35.832653","128.50594","DGU_1","본캠프","DB+이미지","확정",""
"","South","대구","대구1","화원읍MB","로켓","MC08","대구광역시 달성군 화원읍 사문진로 370","35.80686","128.48993","DGU1 (화원읍)","대구1(화원읍)","이미지 신규","확정",""
"","South","대구","대구2","대흥동MB","로켓","MC07","대구광역시 수성구 알파시티1로 255 1F","35.839474","128.68626","DGU2 (대흥동)","대구2(대흥동)","이미지 신규","확정",""
"","South","대구","대구2","방촌동MB","로켓","MC192","대구광역시 동구 동촌로 374-1","35.876274","128.68039","DGU2 (방촌동)","대구2(방촌동)","이미지 신규","확정",""
"42","South","대구","대구2","본캠프","로켓","CL01A","경상북도 경산시 삼성현로 156 B2F","35.81823","128.7199","DGU_2","본캠프","DB+이미지","확정",""
"41","South","대구","대구3","본캠프","로켓","CL18","대구광역시 서구 와룡로69길 7","35.86302","128.53445","DGU_3","본캠프","DB+이미지","확정",""
"4","South","대구","대구3","산격동MB","로켓","MC52","대구광역시 북구 유통단지로13길 8","35.90868","128.61047","DGU3 (산격동)","대구3(산격동)","DB+이미지","확정",""
"43","South","대구","대구4","본캠프","로켓","CL12","경상북도 경산시 삼성현로 156 B4F","35.81823","128.7199","DGU_4","본캠프","DB+이미지","확정",""
"","South","대구","대구4","하양읍MB","로켓","MC170","경상북도 경산시 하양읍 지식산업2로 95 2F","35.942303","128.82413","DGU4 (하양읍)","대구4(하양읍)","이미지 신규","확정",""
"","South","대구","대구5","본캠프","로켓","CL25","대구광역시 서구 국채보상로37길 21 A동","35.869244","128.53229","DGU_5","본캠프","이미지 신규","수정필요","주소 도로명 이미지 재확인 권장"
"","South","대구","대구5","이현동MB","로켓","MC19","대구광역시 서구 국채보상로5 B동","35.869244","128.53229","DGU5 (이현동B)","대구5(이현동B)","이미지 신규","수정필요","주소 도로명/동 표기 이미지 재확인 권장"
"","South","대전","대전1","대정동MB","로켓","MC45","대전광역시 유성구 대정북로 20","36.315228","127.31777","DJN1 (대정동)","대전1(대정동)","이미지 신규","확정",""
"44","South","대전","대전1","본캠프","로켓","CL03","충청남도 계룡시 두마면 왕대로 105-29","36.25684","127.276855","DJN_1","본캠프","DB+이미지","확정",""
"45","South","대전","대전2","본캠프","로켓","CL08","대전광역시 중구 안골로 33, 지하1층","36.42353","127.42125","DJN_2","본캠프","DB+이미지","수정필요","주소/층 표기 이미지 재확인 권장"
"","South","대전","대전3","대화MB","로켓","MC101","대전광역시 대덕구 신일서로 14","36.36524","127.40894","DJN3 (대화동)","대전3(대화MB)","이미지 신규","확정","이미지 표기 '대전3(대화MB)' → 쿠팡 원본 '대전3(대화동)' 매칭"
"","South","대전","대전3","상삼리MB","로켓","MC97","충청북도 청주시 서원구 현도면 시목외천로 441-12","36.52618","127.41069","DJN3 (상삼리)","대전3(상삼리MB)","이미지 신규","확정","이미지 표기 '대전3(상삼리MB)' → 쿠팡 원본 '대전3(상삼리)' 매칭"
"","South","대전","대전3","상서MB","로켓","MC95","대전광역시 대덕구 상서당1길 34","36.42353","127.42125","DJN3 (상서동)","대전3(상서MB)","이미지 신규","확정","이미지 표기 '대전3(상서MB)' → 쿠팡 원본 '대전3(상서동)' 매칭"
"","South","대전","대전3","읍내MB","로켓","MC62","대전광역시 대덕구 대전로1397번안길 70","36.381382","127.42212","DJN3 (읍내동)","대전3(읍내MB)","이미지 신규","확정","이미지 표기 '대전3(읍내MB)' → 쿠팡 원본 '대전3(읍내동)' 매칭"
"","South","대전","천안1","송촌리MB","로켓","MCA0","충청남도 아산시 음봉면 음봉로 232-1","36.84316","127.03524","CHA1 (송촌리)","천안1(송촌리)","이미지 신규","확정",""
"99","South","대전","천안1","음봉MB","로켓","CL20","충청남도 아산시 음봉면 음봉로 232-2 2층","36.84387","127.03373","CHA_1","천안1(음봉MB)","DB+이미지","수정필요","이미지 음봉MB를 쿠팡 원본 천안1 본캠프로 매칭 예정 / 이미지 표기 '천안1(음봉MB)' → 쿠팡 원본 '천안1' 매칭"
"","South","동부산","부산3","감전동MB","로켓","MC40","부산시 사상구 새벽로121번길 33","35.152077","128.98038","BSN3 (감전동)","부산3(감전동)","이미지 신규","확정",""
"56","South","동부산","부산3","본캠프","로켓","CL10","부산시 서구 원양로 203 5층","35.069252","129.00795","BSN_3","본캠프","DB+이미지","확정",""
"","South","동부산","부산3","암남동MB","로켓","MC41","부산시 서구 원양로 203 7층","35.069252","129.00795","BSN3 (암남동7F)","부산3(암남동7F)","이미지 신규","확정",""
"","South","동부산","부산3","초읍동MB","로켓","MCC3","부산시 부산진구 성지로 136","35.18143","129.04971","BSN3 (초읍동)","부산3(초읍동)","이미지 신규","확정",""
"","South","동부산","부산4","동삼동MB","로켓","MC174","부산광역시 수영구 수영로 142","35.088108","129.07362","BSN4 (동삼동)","부산4(동삼동)","이미지 신규","수정필요","주소 지역/도로명 이미지 재확인 권장"
"","South","동부산","부산4","망미동MB","로켓","MC42","부산광역시 연제구 배산로195번길 82","35.179394","129.11592","BSN4 (망미동)","부산4(망미동)","이미지 신규","확정",""
"57","South","동부산","부산4","본캠프","로켓","CL15","부산광역시 남구 우암로 245","35.124634","129.07014","BSN_4","본캠프","DB+이미지","확정",""
"58","South","동부산","부산5","본캠프","로켓","CL21","부산광역시 기장군 장안산단7로 114","35.329403","129.25943","BSN_5","본캠프","DB+이미지","확정",""
"","South","동부산","부산5","중동MB","로켓","MC39","부산광역시 해운대구 좌동로14번길 72","35.16901","129.17215","BSN5 (중동)","부산5(중동)","이미지 신규","확정",""
"76","South","동부산","울산1","본캠프","로켓","CL11","울산광역시 북구 염포로 251","35.575874","129.35423","USN_1","본캠프","DB+이미지","확정",""
"","South","동부산","울산1","연암동MB","로켓","MC143","울산광역시 북구 진장유통1로 45","35.578842","129.36345","USN1 (연암동)","울산1(연암동)","이미지 신규","수정필요","이미지와 쿠팡 원본 주소계열 확인 권장"
"","South","동부산","울산1","외동MB","로켓","MC144","경상북도 경주시 산업로 2463","35.730427","129.3198","USN1 (외동)","울산1(외동)","이미지 신규","확정",""
"","South","동부산","울산2","두왕동MB","로켓","MC186","울산광역시 남구 테크노산업로55번길 49-20 B1","35.50976","129.30154","USN2 (두왕동B1F)","울산2(두왕동B1F)","이미지 신규","확정",""
"77","South","동부산","울산2","본캠프","로켓","CL19","울산광역시 남구 테크노산업로55번길 49-20","35.509773","129.30151","USN_2","본캠프","DB+이미지","확정",""
"34","South","서부산","김해1","본캠프","로켓","CL13","경상남도 김해시 김해대로2635번길 63, 6층","35.311977","128.94261","GMH_1","본캠프","DB+이미지","확정",""
"35","South","서부산","김해2","본캠프","로켓","CL22","경상남도 김해시 김해대로2635번길 63, 5F","35.21733","128.79843","GMH_2","본캠프","DB+이미지","확정",""
"","South","서부산","김해2","부곡동MB","로켓","MC15","경상남도 김해시 장유로55번길 30-15","35.216904","128.8009","GMH2 (부곡동A)","김해2(부곡동A)","이미지 신규","확정",""
"","South","서부산","부산1","금사동MB","로켓","MC125","부산광역시 금정구 공단동로41번길 21","35.22033","129.11566","BSN1 (금사동)","부산1(금사동)","이미지 신규","확정",""
"54","South","서부산","부산1","본캠프","로켓","CL05B","부산광역시 해운대구 반여로 20","35.19397","129.11977","BSN_1","본캠프","DB+이미지","확정",""
"","South","서부산","부산1","회동동MB","로켓","MC117","부산광역시 금정구 회동로?길 48","35.228817","129.12318","BSN1 (회동동)","부산1(회동동)","이미지 신규","수정필요","주소 도로명 이미지 재확인 권장"
"55","South","서부산","부산2","본캠프","로켓","CL05A","부산광역시 사상구 강변대로456번길 15-36","35.12679","128.96457","BSN_2","본캠프","DB+이미지","확정",""
"","South","서부산","부산2","화전동MB","로켓","MC10","부산광역시 강서구 화전산단6로136번길 31","35.110317","128.88438","BSN2 (화전동)","부산2(화전동)","이미지 신규","확정",""
"","South","서부산","창원1","두동MB","로켓","MC171","경상남도 창원시 진해구 용원로 195","35.11765","128.79309","CHW1 (두동)","창원1(두동)","이미지 신규","확정",""
"98","South","서부산","창원1","본캠프","로켓","CL17","경상남도 창원시 의창구 차룡로48번길 49","35.241432","128.63316","CHW_1","본캠프","DB+이미지","확정",""
"","South","서부산","창원1","장천동MB","로켓","MC165","경상남도 창원시 진해구 장천동 782-69","35.13351","128.6986","CHW1 (장천동)","창원1(장천동)","이미지 신규","확정",""
"","South","서부산","창원1","중리MB","로켓","MCC4","경상남도 창원시 마산회원구 내서읍 중리공단로6길 20","35.249195","128.51678","CHW1 (중리)","창원1(중리)","이미지 신규","확정",""
"","South","서부산","창원1","팔용동MB","로켓","MC108","경상남도 창원시 의창구 차룡로150번길 64","35.234547","128.6389","CHW1 (팔용동)","창원1(팔용동)","이미지 신규","확정",""
"","South","서부산","창원1","합성동MB","로켓","MC166","경상남도 창원시 마산회원구 3.15대로 816","35.243584","128.5876","CHW1 (합성동)","창원1(합성동)","이미지 신규","확정",""
"131",,,"V강릉2","V강릉2","V캠프","MO58","강원특별자치도 강릉시 구정면 칠봉로 466","37.70844","128.861","V_강릉2","","DB만","",""
"132",,,"V강진0","V강진0","V캠프","MO138","전남 강진군 성전면 송계로 764","34.6859","126.7185","V_강진1","","DB만","",""
"133",,,"V강진1","V강진1","V캠프","MO59","전남 강진군 성전면 송계로 764","34.6859","126.7185","V_강진0","","DB만","",""
"134",,,"V강화1","V강화1","V캠프","MO60","인천광역시 강화군 불은면 불은남로 387","37.67672","126.5021","V_강화1","","DB만","",""
"135",,,"V경주0","V경주0","V캠프","MO130","경상북도 경주시 천북면 화산공단길 228-1","35.92753","129.2725","V_경주1","","DB만","",""
"136",,,"V경주1","V경주1","V캠프","MO62","경상북도 경주시 천북면 화산공단길 228-1","35.92753","129.2725","V_경주1","","DB만","",""
"279",,,"V고령1","V고령1","V캠프","MO97","경상북도 고령군 개진면 양전길 26","35.71159","128.3052","V_고령1","","DB만","",""
"280",,,"V고성1","V고성1","V캠프","MO63","강원특별자치도 고성군 토성면 잼버리동로 357","38.23941","128.5461","V_고성1","","DB만","",""
"281",,,"V고창1","V고창1","V캠프","MO149","전북특별자치도 고창군 고창읍 녹두로 1324-3","35.43327","126.6913","V_고창1","","DB만","",""
"282",,,"V고흥1","V고흥1","V캠프","MO64","전남 고흥군 고흥읍 백련장전길 64-32","34.59362","127.2765","V_고흥1","","DB만","",""
"283",,,"V공주1","V공주1","V캠프","MO65","충청남도 공주시 반포면 송곡로 323","36.41359","127.2716","V_공주1","","DB만","",""
"284",,,"V공주2","V공주2","V캠프","MO136","충청남도 공주시 무령로 95","36.45777","127.111","V_공주2","","DB만","",""
"285",,,"V괴산1","V괴산1","V캠프","MO141","충북 괴산군 문광면 대명길 23","36.80202","127.7705","V_괴산1","","DB만","",""
"286",,,"V구미1","V구미1","V캠프","MO102","경상북도 구미시 송동로 23-15","36.13486","128.3223","V_구미1","","DB만","",""
"287",,,"V군위1","V군위1","V캠프","MO66","대구광역시 군위군 부계면 치산효령로 1003","36.08415","128.6966","V_군위1","","DB만","",""
"288",,,"V금산1","V금산1","V캠프","MO146","충청남도 금산군 남일면 삼태1길 34","36.07951","127.5225","V_금산1","","DB만","",""
"289",,,"V김제0","V김제0","V캠프","MO132","전북특별자치도 김제시 공덕면 황상3길 463","35.87336","126.9294","V_김제1","","DB만","",""
"290",,,"V김제1","V김제1","V캠프","MO67","전북특별자치도 김제시 공덕면 황상3길 463","35.87336","126.9294","V_김제1","","DB만","",""
"291",,,"V김천1","V김천1","V캠프","MO68","경상북도 김천시 아포대로 56-25","36.11916","128.1613","V_김천1","","DB만","",""
"292",,,"V남원1","V남원1","V캠프","MO69","전북특별자치도 남원시 내척길 97","35.43661","127.37","V_남원1","","DB만","",""
"293",,,"V남원2","V남원2","V캠프","MO137","전라남도 곡성군 곡성읍 곡성로 923","35.28294","127.3026","3PL V_남원2","","DB만","",""
"294",,,"V논산1","V논산1","V캠프","MO70",,"36.12106","127.117","V_논산1","","DB만","",""
"295",,,"V단양1","V단양1","V캠프","MO151","충북 단양군 매포읍 평동로 18","37.02656","128.3083","V_단양1","","DB만","",""
"296",,,"V당진2","V당진2","V캠프","MO123","충남 당진시 송산면 송산로 180","36.9232","126.66","V_당진2","","DB만","",""
"297",,,"V목포0","V목포0","V캠프","MO127","전라남도 목포시 대양산단로149번길 17","34.83464","126.4023","V_목포2","","DB만","",""
"298",,,"V목포2","V목포2","V캠프","MO71","전라남도 목포시 대양산단로149번길 17","34.83464","126.4023","V_목포2","","DB만","",""
"299",,,"V문경1","V문경1","V캠프","MO103","경북 문경시 진곡길 125","36.60472","128.1703","V_문경1","","DB만","",""
"300",,,"V밀양1","V밀양1","V캠프","MO72","경남 밀양시 활성1길 21","35.49427","128.784","V_밀양1","","DB만","",""
"301",,,"V보령0","V보령0","V캠프","MO139","충남 보령시 남포면 보령남로 439","36.30827","126.6012","V_보령2","","DB만","",""
"302",,,"V보령2","V보령2","V캠프","MO73","충남 보령시 남포면 보령남로 439","36.30827","126.6012","V_보령2","","DB만","",""
"303",,,"V봉화1","V봉화1","V캠프","MO105","경상북도 봉화군 법전면 소천로 149","36.91953","128.9329","V_봉화1","","DB만","",""
"304",,,"V부여1","V부여1","V캠프","MO109","충청남도 부여군 규암면 왕흥로 116-8","36.29067","126.8866","V_부여1","","DB만","",""
"305",,,"V상주1","V상주1","V캠프","MO74","경북 상주시 삼백로 282","36.419","128.1747","V_상주1","","DB만","",""
"306",,,"V서산2","V서산2","V캠프","MO75","충남 서산시 음암면 탑곡고양동1길 5","36.79753","126.544","V_서산2","","DB만","",""
"307",,,"V서천1","V서천1","V캠프","MO110","전북특별자치도 완주군 이서면 팥죽이로 37","35.81679","127.02","V_서천1","","DB만","",""
"308",,,"V성주1","V성주1","V캠프","MO96","경상북도 성주군 성주읍 가야로 4984","35.93276","128.3071","V_성주1","","DB만","",""
"309",,,"V순천2","V순천2","V캠프","MO76","전라남도 순천시 해룡면 복성길 8-51","34.94604","127.5478","V_순천2","","DB만","",""
"310",,,"V안동2","V안동2","V캠프","MO77","경상북도 안동시 풍산읍 유곡길 133-2","36.59082","128.6145","V_안동2","","DB만","",""
"311",,,"V안성2","V안성2","V캠프","MO78","경기 안성시 대덕면 서동대로 4995-33","37.02536","127.2551","V_안성2","","DB만","",""
"312",,,"V양구1","V양구1","V캠프","MO117","강원특별자치도 양구군 국토정중앙면 정중앙로 588-80","38.1055","128.0327","V_양구1","","DB만","",""
"313",,,"V양평1","V양평1","V캠프","MO150","경기 양평군 양평읍 백운길 98-45","37.49999","127.5139","V_양평1","","DB만","",""
"314",,,"V여수0","V여수0","V캠프","MO125","전라남도 여수시 둔덕2길 6-10","34.76731","127.7037","V_여수2","","DB만","",""
"315",,,"V여수2","V여수2","V캠프","MO113","전라남도 여수시 둔덕2길 6-10","34.76731","127.7037","V_여수2","","DB만","",""
"316",,,"V영광1","V영광1","V캠프","MO79","광주광역시 서구 유덕로 119","35.16621","126.8417","V_영광1","","DB만","",""
"317",,,"V영덕1","V영덕1","V캠프","MO108","경북 영덕군 영덕읍 영덕로 312","36.42183","129.3754","V_영덕1","","DB만","",""
"318",,,"V영동1","V영동1","V캠프","MO152","충북 영동군 황간면 영동황간로 1452-122","36.21531","127.9013","V_영동1","","DB만","",""
"319",,,"V영양1","V영양1","V캠프","MO106","경상북도 영양군 영양읍 영양로 1610","36.65364","129.1083","V_영양1","","DB만","",""
"320",,,"V영월1","V영월1","V캠프","MO56","강원특별자치도 영월군 남면 강원남로 641","37.17732","128.3552","V_영월1","","DB만","",""
"321",,,"V영천1","V영천1","V캠프","MO101","경북 영천시 북안면 조암길 12","35.94024","128.9717","V_영천1","","DB만","",""
"322",,,"V예산1","V예산1","V캠프","MO119","충청남도 예산군 신암면 오신로 692-9","36.73234","126.8035","V_예산1","","DB만","",""
"323",,,"V예천1","V예천1","V캠프","MO104","경상북도 예천군 예천읍 경서로 2371","36.63654","128.4131","V_예천1","","DB만","",""
"324",,,"V옥천1","V옥천1","V캠프","MO80","충청북도 옥천군 동이면 금강로 17-8","36.29509","127.616","V_옥천1","","DB만","",""
"325",,,"V옹진0","V옹진0","V캠프","MO128","인천 중구 연안부두로55번길 11-1","37.45335","126.6011","V_옹진1","","DB만","",""
"326",,,"V옹진1","V옹진1","V캠프","MO118","인천 중구 연안부두로55번길 11-1","37.45335","126.6011","V_옹진1","","DB만","",""
"327",,,"V옹진5","V옹진5","V캠프","MO129","인천 중구 연안부두로55번길 11-1","37.45335","126.6011","V_옹진1","","DB만","",""
"328",,,"V울진1","V울진1","V캠프","MO81","경상북도 울진군 울진읍 현내항길 118-10","36.9903","129.4095","V_울진1","","DB만","",""
"329",,,"V원주2","V원주2","V캠프","MO82","강원특별자치도 원주시 소초면 치악로 2413 1층","37.38952","127.9803","V_원주2","","DB만","",""
"330",,,"V의령1","V의령1","V캠프","MO83","경남 의령군 의령읍 무전로1길 4","35.32652","128.2743","V_의령1","","DB만","",""
"331",,,"V의성1","V의성1","V캠프","MO107","경상북도 의성군 단촌면 경북대로 6881-25","36.44288","128.682","V_의성1","","DB만","",""
"332",,,"V이천1","V이천1","V캠프","MO84","경기 이천시 마장면 서이천로719번길 14-54","37.28524","127.3961","V_이천1","","DB만","",""
"333",,,"V인제1","V인제1","V캠프","MO142","강원특별자치도 인제군 북면 늪둔지길 5","38.11862","128.2127","3PL V_인제1","","DB만","",""
"334",,,"V장수1","V장수1","V캠프","MO85","전북특별자치도 장수군 장계면 명덕평지1길 1-46","35.72447","127.6264","V_장수1","","DB만","",""
"335",,,"V정선1","V정선1","V캠프","MO115","강원특별자치도 정선군 남면 무릉2로 47","37.24992","128.7756","V_정선1","","DB만","",""
"336",,,"V정읍1","V정읍1","V캠프","MO86","전북특별자치도 정읍시 벚꽃로 114","35.57838","126.8369","V_정읍1","","DB만","",""
"337",,,"V진도0","V진도0","V캠프","MO126","전라남도 진도군 군내면 정거름재길 196-3","34.49163","126.2944","V_진도1","","DB만","",""
"338",,,"V진도1","V진도1","V캠프","MO111","전라남도 진도군 군내면 정거름재길 196-3","34.49163","126.2944","V_진도1","","DB만","",""
"339",,,"V진주1","V진주1","V캠프","MO133","경상남도 진주시 정촌면 뿌리산단로50번길 130","35.11199","128.1112","V_진주1","","DB만","",""
"340",,,"V진천2","V진천2","V캠프","MO87","충청북도 진천군 초평면 은진로 396","36.78115","127.5104","V_진천2","","DB만","",""
"341",,,"V창녕1","V창녕1","V캠프","MO100","경상남도 창녕군 대합면 경남대로 5192-7","35.58175","128.4696","V_창녕1","","DB만","",""
"342",,,"V청송1","V청송1","V캠프","MO88","경상북도 청송군 진보면 진보로 229-9","36.5306","129.0563","V_청송1","","DB만","",""
"343",,,"V청양1","V청양1","V캠프","MO120","충청남도 청양군 청양읍 충절로 970-2","36.43246","126.7957","V_청양1","","DB만","",""
"344",,,"V춘천2","V춘천2","V캠프","MO89","강원특별자치도 춘천시 퇴계공단1길 77","37.84438","127.7419","V_춘천2","","DB만","",""
"345",,,"V충주2","V충주2","V캠프","MO90","충청북도 충주시 산척면 쥐실길 67","37.0854","127.9632","V_충주2","","DB만","",""
"346",,,"V칠곡1","V칠곡1","V캠프","MO98","경상북도 칠곡군 동명면 동명팔거천3길 45-10","35.96532","128.5535","V_칠곡1","","DB만","",""
"347",,,"V태백1","V태백1","V캠프","MO114","강원특별자치도 태백시 태백로 648","37.18256","128.967","V_태백1","","DB만","",""
"348",,,"V태안1","V태안1","V캠프","MO122","충남 태안군 태안읍 서해로 2076-33","36.75659","126.3356","V_태안1","","DB만","",""
"349",,,"V통영0","V통영0","V캠프","MO131","경상남도 통영시 도산면 법송로 84","34.8973","128.3714","V_통영2","","DB만","",""
"350",,,"V통영2","V통영2","V캠프","MO91","경상남도 통영시 도산면 법송로 84","34.8973","128.3714","V_통영2","","DB만","",""
"351",,,"V평창1","V평창1","V캠프","MO148","강원특별자치도 평창군 용평면 평창대로 1737","37.56489","128.4314","V_평창1","","DB만","",""
"352",,,"V포천1","V포천1","V캠프","MO92","경기도 포천시 신북면 독곡길 6","37.93074","127.2257","V_포천1","","DB만","",""
"353",,,"V하동1","V하동1","V캠프","MO93","경상남도 하동군 고전면 사막1길 17","35.04789","127.7885","V_하동1","","DB만","",""
"354",,,"V함안1","V함안1","V캠프","MO99","경상남도 함안군 산인면 송산로 125","35.2889","128.43","V_함안1","","DB만","",""
"355",,,"V함양1","V함양1","V캠프","MO61","경상남도 함양군 함양읍 이은농공길 40","35.5095","127.7297","V_함양1","","DB만","",""
"356",,,"V함평1","V함평1","V캠프","MO112","전남 함평군 대동면 대동길 5-11","35.06848","126.5307","V_함평1","","DB만","",""
"357",,,"V합천1","V합천1","V캠프","MO147","경남 합천군 합천읍 신소양3길 6","35.58246","128.1677","V_합천1","","DB만","",""
"358",,,"V해남1","V해남1","V캠프","MO94","전라남도 해남군 해남읍 중앙1로 433","34.57728","126.5854","V_해남1","","DB만","",""
"359",,,"V홍성2","V홍성2","V캠프","MO121","충남 홍성군 구항면 구항길264번길 1-7","36.58573","126.6274","V_홍성2","","DB만","",""
"360",,,"V홍천1","V홍천1","V캠프","MO116","강원특별자치도 홍천군 화촌면 설악로 2428","37.73146","127.941","V_홍천1","","DB만","",""
"361",,,"V화천1","V화천1","V캠프","MO95","강원특별자치도 화천군 화천읍 산수화로 141","38.11702","127.7144","V_화천1","","DB만","",""
"140",,,"경기광주4(SH1)",,"SUB_HUB","KKW4_SH1",,"37.346973","127.19524","용인1, 용인3","","DB만","",""
"175",,,"광주1(SH)",,"SUB_HUB","GWJ1_SH",,"35.111946","126.749306","광주1(SH)","","DB만","",""
"141",,,"광주2(SH)",,"SUB_HUB","GWJ2_SH",,"35.11196","126.74933","광주2,광주1,M_여수1,M_무안1,M_익산1,M_목포1","","DB만","",""
"198",,,"군포1(SH)",,"SUB_HUB","GNP1_SH",,"37.298523","126.92704","","","DB만","",""
"142",,,"김해1(SH)",,"SUB_HUB","GMH1_SH",,"35.311844","128.94281","김해1, 부산1, M_거제1,M_양산1,M_진주1,M_사천1,M_통영1","","DB만","",""
"195",,,"남김해1(SH)",,"SUB_HUB","NGH1_SH",,"35.235146","128.91438","","","DB만","",""
"169",,,"남양주2(SH)",,"SUB_HUB","NYJ2_SH",,"37.71231","127.17377","남양주2,구리1, 구리3","","DB만","",""
"143",,,"남양주3(SH)",,"SUB_HUB","NYJ3_SH",,"37.616814","127.30658","남양주3, 구리2","","DB만","",""
"155",,,"남양주4(SH)",,"SUB_HUB","NYJ4_SH",,"37.616814","127.30658","남양주4,M_남양주1","","DB만","",""
"157",,,"대구1(SH)",,"SUB_HUB","DGU1_SH",,"35.8325","128.50583","대구1,M_안동1","","DB만","",""
"164",,,"대전1(SH)",,"SUB_HUB","DJN1_SH",,"36.25684","127.276855","","","DB만","",""
"179",,,"대전2(SH)",,"SUB_HUB","DJN2_SH",,"36.268925","127.473885","대전2(SH)","","DB만","",""
"158",,,"대전3(SH)",,"SUB_HUB","DJN3_SH",,"36.52725","127.40284","대전3,M_제천1","","DB만","",""
"199",,,"동대구2(SH)",,"SUB_HUB","DDG2_SH",,"35.839516","128.68622","","","DB만","",""
"144",,,"동대구화물터미널1(SH)",,"SUB_HUB","DDG1_SH",,"35.839516","128.68622","대구2, 대구3, 대구4, 대구5","","DB만","",""
"200",,,"동인천1(SH)",,"SUB_HUB","DIC1_SH",,"37.52964","126.77564","","","DB만","",""
"201",,,"동인천2(SH)",,"SUB_HUB","DIC2_SH",,"37.579","126.713","","","DB만","",""
"145",,,"동탄1(SH)",,"SUB_HUB","DTN1_SH",,"37.17042","127.13176","동탄1, 수원1, 용인2","","DB만","",""
"156",,,"부산5(SH)",,"SUB_HUB","BSN5_SH",,"35.32914","129.25873","부산5,울산2","","DB만","",""
"194",,,"북김해1(SH)",,"SUB_HUB","BGH1_SH",,"35.235027","128.91396","북김해1(SH)","","DB만","",""
"193",,,"서대구1(SH)",,"SUB_HUB","WDG1_SH",,"35.93353","128.41682","대구1,구미1,M_안동1,대구5","","DB만","",""
"365","서울",,"서울1",,"TEST","APPREVIEW-SEOUL1",,,,"App Review Test Camp","","DB만","",""
"178",,,"서초1(SH)",,"SUB_HUB","SCH1_SH",,"37.459824","127.0363","서초1(SH)","","DB만","",""
"177",,,"송파1(SH)",,"SUB_HUB","SPA1_SH",,"37.474163","127.12388","송파1(SH)","","DB만","",""
"160",,,"송파3(SH)",,"SUB_HUB","SPA3_SH",,"37.474163","127.12388","송파3,송파4,송파5","","DB만","",""
"163",,,"송파5(SH)",,"SUB_HUB","SPA5_SH",,"37.47411","127.1234","송파5(SH)","","DB만","",""
"146",,,"시흥2(SH)",,"SUB_HUB","SHG2_SH",,"37.411552","126.825325","시흥2,구로1,시흥1,M_아산1,M_안성1","","DB만","",""
"161",,,"안산1(SH)",,"SUB_HUB","ASN1_SH",,"37.331802","126.747215","안산1,안산2,M_서산1,M_당진1,M_용인1","","DB만","",""
"180",,,"안양1(SH)",,"SUB_HUB","AYG1_SH",,"37.39388","126.97279","안양1(SH)","","DB만","",""
"196",,,"야탑1(SH)",,"SUB_HUB","YAT1_SH","경기 성남시 분당구 탄천로 257","37.414734","127.11881","야탑1(SH)","","DB만","",""
"197",,,"야탑2(SH)",,"SUB_HUB","YAT2_SH","경기 성남시 분당구 탄천로 257","37.414734","127.11881","야탑2(SH)","","DB만","",""
"170",,,"양주2(SH)",,"SUB_HUB","YAJ2_SH",,"37.794598","127.07395","양주2,양주1,남양주1","","DB만","",""
"162",,,"울산1(SH)",,"SUB_HUB","USN1_SH",,"35.57395","129.35748","울산1,M_포항1","","DB만","",""
"147",,,"인천1(SH)",,"SUB_HUB","ICH1_SH","경기 부천시 오정구 신흥로511번길 80","37.52964","126.77564","인천1인천1,인천4,M_춘천1","","DB만","",""
"172",,,"인천2(SH)",,"SUB_HUB","ICH2_SH",,"37.39058","126.71161","인천2","","DB만","",""
"148",,,"인천3(SH)",,"SUB_HUB","ICH3_SH",,"37.50365","126.617775","인천3, 인천5, 인천6","","DB만","",""
"154",,,"인천7(SH)",,"SUB_HUB","ICH7_SH",,"37.52964","126.77564","인천7, 인천8, 강서1","","DB만","",""
"149",,,"일산1(SH)",,"SUB_HUB","ISN1_SH",,"37.7312","126.783485","일산1, 일산7","","DB만","",""
"277",,,"일산3","덕은동MB","로켓",,"경기 고양시 덕양구 중앙로62번길 32",,,,"","DB만","",""
"151",,,"일산3(SH)",,"SUB_HUB","ISN3_SH",,"37.640377","126.873795","일산3,  일산5","","DB만","",""
"168",,,"일산5(SH)",,"SUB_HUB","ISN5_SH",,"37.668488","126.921715","일산5,양주3","","DB만","",""
"274",,,"일산7","식사동A MB","로켓",,"경기 고양시 일산동구 고양대로1080번길 24",,,,"","DB만","",""
"275",,,"일산7","식사동B MB","로켓",,"경기도 고양시 일산동구 견달산로225번길 67",,,,"","DB만","",""
"174",,,"제주1(SH)",,"SUB_HUB","JEJ1_SH",,"33.453632","126.38143","제주1,제주2,제주3","","DB만","",""
"152",,,"창원1(SH)",,"SUB_HUB","CHW1_SH",,"35.241737","128.63283","창원1, 김해2,M_순천1","","DB만","",""
"276",,,"천안1","송촌리MB","로켓",,"충청남도 아산시 음봉면 음봉로 232",,,,"","DB만","",""
"192",,,"천안1(SH)",,"SUB_HUB","CHA1_SH",,"36.843513","127.03566","천안1(SH)","","DB만","",""
"159",,,"청주1(SH)",,"SUB_HUB","CHJ1_SH",,"36.78115","127.510376","","","DB만","",""
"153",,,"화성1(SH)",,"SUB_HUB","HWS1_SH",,"37.141136","127.01402","화성1,수원1,군포1,M_평택1","","DB만","",""

[executed on device: DESKTOP-4F4Q08C (f852fd83-f7ba-4030-9198-416273a97850)]